
-- 
-- Insert "fixtures"
--
INSERT INTO `user` (username, password) VALUES ("user", "user");
INSERT INTO `user` (username, password) VALUES ("admin", "admin");

INSERT INTO `dish_group` (id, name) VALUES 
	(1,"Cocktails"), (2,"Whiskies"), (3,"Alcools"), (4,"Champagne"),
	(5,"Apéritifs"), (6,"Digestifs"), (7,"Moules-Frites"), (8,"Fish & Chips"),
	(9,"Sandwichs Club"), (10,"Desserts"), (11,"Eaux"), (12,"Pressions");

INSERT INTO `dish`(name, description, price, image, dish_group_id) VALUES 
	("Mojito", NULL, 6.00, NULL, 1), 
	("Caïpirinha", NULL, 6.00, NULL, 1), 
	("Margarita", NULL, 6.00, NULL, 1), 
	("Gin fizz", NULL, 6.00, NULL, 1), 
	("Cuba libre", NULL, 5.00, NULL, 1), 
	("Spicy libre", NULL, 5.00, NULL, 1),
	("Grant's + soda", NULL, 4.50, NULL, 2),
	("Glenfiddich 12 ans", NULL, 6.00, NULL, 2),
	("Glenfiddich 15 ans", NULL, 7.00, NULL, 2),
	("Glenfiddich 18 ans", NULL, 8.00, NULL, 2),
	("Strathisla", NULL, 5.00, NULL, 2),
	("Chivas 18 ans", NULL, 4.50, NULL, 2),
	("Vodka + soda", NULL, 4.50, NULL, 3),
	("Vodka Absolut", NULL, 4.50, NULL, 3),
	("Gin Bombay", NULL, 5.50, NULL, 3),
	("Shooter", "Caramel, Violette, Framboise ...", 5.00, NULL, 3),
	("Piper Heidsieck 75 cl", NULL, 48.00, NULL, 4),
	("Piper Heidsieck 12 cl", NULL, 8.00, NULL, 4),
	("Porto rouge / blanc 7 cl", NULL, 3.50, NULL, 5),
	("Martini rouge / blanc 7 cl", NULL, 3.50, NULL, 5),
	("Ricard 2 cl", NULL, 2.00, NULL, 5),
	("Kir Sauvignon 12 cl", NULL, 2.10, NULL, 5),
	("Kir Pétillant 12 cl", "Cassis, mûre, pêche, framboise", 2.10, NULL, 5),
	("Suze 7 cl", NULL, 3.50, NULL, 5),
	("Muscat 7 cl", NULL, 3.50, NULL, 5),
	("Rosé pamplemousse 10 cl", NULL, 2.60, NULL, 5),
	("Cognac - Calvados", NULL, 5.00, NULL, 6),
	("Armagnac", NULL, 5.00, NULL, 6),
	("Get 27 ou Get 31", NULL, 4.00, NULL, 6),
	("Cointreau", NULL, 4.00, NULL, 6),
	("Manzana Vertde", NULL, 3.00, NULL, 6),
	("Bailey's", NULL, 5.00, NULL, 6),
	("Poire William", NULL, 5.00, NULL, 6),
	("Havana 7 ans", NULL, 6.00, NULL, 6),
	("Rhum Brun (Cuvée du Moulin)", NULL, 5.00, NULL, 6),
	("Moules marinières", NULL, 11.00, NULL, 7),
	("Moules à la crème", NULL, 12.00, NULL, 7),
	("Moules au curry", NULL, 12.00, NULL, 7),
	("Moules au piment", NULL, 12.00, NULL, 7),
	("Aiglefin Portion 120 gr", NULL, 11.00, NULL, 8),
	("Thon oeuf mayonnaise", NULL, 3.80, NULL, 9),
	("Poulet mayonnaise", NULL, 5.00, NULL, 9),
	("Crabe émietté sauce cocktail", NULL, 3.80, NULL, 9),
	("Jambon de pays", NULL, 5.00, NULL, 9),
	("Jambon blanc", NULL, 4.50, NULL, 9),
	("Saumon fumé", "Sauce crème fraîche, ciboulette", 5.50, NULL, 9),
	("Fromage", NULL, 3.80, NULL, 9),
	("Crème brûlée", NULL, 4.00, NULL, 10),
	("Mousse au chocolat", NULL, 4.00, NULL, 10),
	("Salade de fruits frais", NULL, 4.50, NULL, 10),
	("Glace Miko (Magnum, cône, soléro)", NULL, 2.80, NULL, 10),
	("Glace enfant", NULL, 2.00, NULL, 10),
	("Evian", NULL, 3.20, NULL, 11),
	("Badoit", NULL, 3.20, NULL, 11),
	("Heineken", NULL, 2.80, NULL, 12),
	("Blanche Edelweiss", NULL, 3.00, NULL, 12),
	("Murphy's Red", NULL, 3.20, NULL, 12),
	("Affligem", NULL, 3.20, NULL, 12),
	("Foster's", NULL, 2.90, NULL, 12),
	("Kriek cerise Liefmans", NULL, 3.20, NULL, 12);

